{"cameraMode":{"drawMode":0,"name":"Shaded","section":"Shading Mode"},"sceneLighting":false,"audioPlay":false,"sceneViewState":{"m_AlwaysRefresh":false,"showFog":true,"showSkybox":false,"showFlares":true,"showImageEffects":true,"showParticleSystems":true,"showVisualEffectGraphs":true,"m_FxEnabled":true},"in2DMode":false,"pivot":{"x":0.000431060791015625,"y":-0.31249991059303286,"z":0.00096893310546875},"rotation":{"x":0.38045534491539,"y":-0.009423606097698212,"z":0.003877339418977499,"w":0.9247437715530396},"size":7.077969074249268,"orthographic":false}