{"cameraMode":{"drawMode":0,"name":"Shaded","section":"Shading Mode"},"sceneLighting":false,"audioPlay":false,"sceneViewState":{"m_AlwaysRefresh":false,"showFog":true,"showSkybox":false,"showFlares":true,"showImageEffects":true,"showParticleSystems":true,"showVisualEffectGraphs":true,"m_FxEnabled":true},"in2DMode":false,"pivot":{"x":3.155524253845215,"y":-0.49877309799194338,"z":1.0238947868347169},"rotation":{"x":0.15645763278007508,"y":0.6998734474182129,"z":-0.16151650249958039,"w":0.6779478192329407},"size":7.712978363037109,"orthographic":false}